Roll,Name,Email
2001EE01,Lesley Grahlmans,lgrahlmans5v@naver.com
2001EE02,Chloe Coling,ccoling5w@delicious.com
2001EE03,Claudio Kennon,ckennon5x@independent.co.uk
2001EE04,Consalve Jacquemy,cjacquemy5y@smugmug.com
2001EE05,Alaster Scare,ascare5z@w3.org
2001EE06,Daune Regelous,dregelous60@accuweather.com
2001EE07,Virge Devenish,vdevenish61@cyberchimps.com
2001EE08,Jodi Bidnall,jbidnall62@facebook.com
2001EE09,Rupert Kohen,rkohen63@cam.ac.uk
2001EE10,Vincenty Dovidaitis,vdovidaitis64@about.me
2001EE11,Eric Braisher,ebraisher65@php.net
2001EE12,Sheelah Crotch,scrotch66@loc.gov
2001EE13,Priscilla Gatheral,pgatheral67@linkedin.com
2001EE14,Morgen Vater,mvater68@nhs.uk
2001EE15,Saundra Lehr,slehr69@lulu.com
2001EE16,Daisi Beardsley,dbeardsley6a@soundcloud.com
2001EE17,Patten Gunderson,pgunderson6b@weebly.com
2001EE18,Parrnell D'Antuoni,pdantuoni6c@cmu.edu
2001EE19,Cully Witheridge,cwitheridge6d@spiegel.de
2001EE20,Rhona Clears,rclears6e@sakura.ne.jp
2001EE21,Jillana Pothergill,jpothergill6f@paypal.com
2001EE22,Cody Strickland,cstrickland6g@virginia.edu
2001EE23,Genovera Jentgens,gjentgens6h@umn.edu
2001EE24,Rosette Beuscher,rbeuscher6i@fc2.com
2001EE25,Elayne Striker,estriker6j@slate.com
2001EE26,Cacilia Dymoke,cdymoke6k@telegraph.co.uk
2001EE27,Rona Allbrook,rallbrook6l@e-recht24.de
2001EE28,Corinne Rotchell,crotchell6m@ning.com
2001ME01,Tom Huge,thuge86@theatlantic.com
2001ME02,Stepha Gallant,sgallant87@163.com
2001ME03,Celle Luckings,cluckings88@arizona.edu
2001ME04,Evonne Shippard,eshippard89@163.com
2001ME05,Noby Brende,nbrende8a@umich.edu
2001ME06,Rabi Yukhnini,ryukhnini8b@ebay.com
2001ME07,Seka Decaze,sdecaze8c@unicef.org
2001ME08,Adeline Westgarth,awestgarth8d@so-net.ne.jp
2001ME09,Francoise Baudou,fbaudou8e@prweb.com
2001ME10,Land Groveham,lgroveham8f@mlb.com
2001ME11,Jorrie Standbrook,jstandbrook8g@istockphoto.com
2001ME12,Dion Lester,dlester8h@google.fr
2001ME13,Franzen Andrioletti,fandrioletti8i@vk.com
2001ME14,Darcey Labusquiere,dlabusquiere8j@engadget.com
2001ME15,Candis Mossom,cmossom8k@wsj.com
2001ME16,Lyndsey Peddar,lpeddar8l@google.fr
2001ME17,Hercule Pywell,hpywell8m@ucsd.edu
2001ME18,Dolorita Cullinane,dcullinane8n@admin.ch
2001ME19,Orel Scorthorne,oscorthorne8o@artisteer.com
2001ME20,Geri Howison,ghowison8p@w3.org
2001ME21,Teddie Gillow,tgillow8q@purevolume.com
2001ME22,Devlin Momery,dmomery8r@reuters.com
2001ME23,Helsa Elsey,helsey8s@nyu.edu
2001ME24,Curr Jannaway,cjannaway8t@columbia.edu
2001ME25,Mandi Laverock,mlaverock8u@about.me
2001ME26,Dionne Deviney,ddeviney8v@diigo.com
2001ME27,Bron Wharmby,bwharmby8w@dell.com
2001ME28,Margaretta Been,mbeen8x@npr.org
2001CS01,Art Rizzone,arizzone3m@arizona.edu
2001CS02,Tallou Glassard,tglassard3n@dmoz.org
2001CS03,Merry O'Heyne,moheyne3o@wsj.com
2001CS04,Chip Duckwith,cduckwith3p@netscape.com
2001CS05,Merwyn Rihanek,mrihanek3q@imgur.com
2001CS06,Louise Noor,lnoor3r@ebay.com
2001CS07,Bartram Brear,bbrear3s@indiatimes.com
2001CS08,Ansley D'Agostino,adagostino3t@blogtalkradio.com
2001CS09,Valaria Powland,vpowland3u@boston.com
2001CS10,Elonore Reddell,ereddell3v@umich.edu
2001CS11,Jazmin Scroggie,jscroggie3w@cisco.com
2001CS12,Sawyere MacLeod,smacleod3x@time.com
2001CS13,Chery Grint,cgrint3y@shareasale.com
2001CS14,Colet Hicklingbottom,chicklingbottom3z@tinypic.com
2001CS15,Desirae Shipman,dshipman40@ft.com
2001CS16,Laure Kenna,lkenna41@ucoz.ru
2001CS17,Jerrie Allred,jallred42@taobao.com
2001CS18,Ricky Pikhno,rpikhno43@gov.uk
2001CS19,Vonnie Stoney,vstoney44@meetup.com
2001CS20,Shellie Fiander,sfiander45@yahoo.com
2001CS21,Eleni Orsman,eorsman46@howstuffworks.com
2001CS22,Zachariah Riepl,zriepl47@cyberchimps.com
2001CS23,Stacie Yukhnev,syukhnev48@miibeian.gov.cn
2001CS24,Phylys McGlade,pmcglade49@army.mil
2001CS25,Brnaba Conibear,bconibear4a@twitpic.com
2001CS26,Anjela Pauer,apauer4b@marriott.com
2001CS27,Sheba Fairhead,sfairhead4c@craigslist.org
2001CE01,Cinnamon D'Enrico,cdenrico1s@macromedia.com
2001CE02,Windham Brookesbie,wbrookesbie1t@ft.com
2001CE03,Wynn Magowan,wmagowan1u@unesco.org
2001CE04,Jane Guittet,jguittet1v@nymag.com
2001CE05,Maurizio Ixer,mixer1w@smugmug.com
2001CE06,Abbey Jockle,ajockle1x@opera.com
2001CE07,Adelle De Lascy,ade1y@hubpages.com
2001CE08,Clarke Dunn,cdunn1z@spotify.com
2001CE09,Klarika Compton,kcompton20@ifeng.com
2001CE10,Denna Miroy,dmiroy21@xinhuanet.com
2001CE11,Aaron Zanicchelli,azanicchelli22@zimbio.com
2001CE12,Reiko Degg,rdegg23@vinaora.com
2001CE13,Beret Pratley,bpratley24@angelfire.com
2001CE14,Olav Aaron,oaaron25@com.com
2001CE15,Storm Mays,smays26@pbs.org
2001CE16,Corby Trustram,ctrustram27@dot.gov
2001CE17,Mame Taylour,mtaylour28@symantec.com
2001CE18,Nataniel Elkington,nelkington29@miitbeian.gov.cn
2001CE19,Iorgo Monck,imonck2a@npr.org
2001CE20,Lucina Nowick,lnowick2b@hibu.com
2001CE21,Rowena Fishbourne,rfishbourne2c@hostgator.com
2001CE22,Loria Whawell,lwhawell2d@zdnet.com
2001CB01,Aron Dowbakin,adowbakin0@noaa.gov
2001CB02,Ramsey Sacks,rsacks1@epa.gov
2001CB03,Denys Fisby,dfisby2@yellowpages.com
2001CB04,Carissa Hibbart,chibbart3@blogtalkradio.com
2001CB05,Armstrong Covil,acovil4@google.cn
2001CB06,Conrado Housley,chousley5@dailymotion.com
2001CB07,Rollo Gumbley,rgumbley6@nbcnews.com
2001CB08,Kaylee Gobel,kgobel7@skype.com
2001CB09,Cynde McGuiney,cmcguiney8@berkeley.edu
2001CB10,Tedman Gammack,tgammack9@istockphoto.com
2001CB11,Casi Duffy,cduffya@newsvine.com
2001CB12,Kirstyn Antognelli,kantognellib@123-reg.co.uk
2001CB13,Aleksandr Edelmann,aedelmannc@arizona.edu
2001CB14,Giovanna Dougliss,gdouglissd@woothemes.com
2001CB15,Diann Ker,dkere@ycombinator.com
2001CB16,Ellsworth Burfoot,eburfootf@umich.edu
2001CB17,Catlee ffrench Beytagh,cffrenchg@joomla.org
2001CB18,Dmitri Larrie,dlarrieh@google.co.jp
2001CB19,Elie Bourne,ebournei@google.co.uk
2001CB20,Russ Heynel,rheynelj@ox.ac.uk
2001CB21,Dallas Burtt,dburttk@ihg.com
2001MM01,Faythe Guillon,fguillonah@virginia.edu
2001MM02,Maryann De Meyer,mdeai@t.co
2001MM03,Portia Reaman,preamanaj@miibeian.gov.cn
2001MM04,Had Coad,hcoadak@umn.edu
2001MM05,Chauncey Vinton,cvintonal@ocn.ne.jp
2001MM06,Pedro Armatage,parmatageam@latimes.com
2001MM07,Carroll Benkhe,cbenkhean@kickstarter.com
2001MM08,Roseline Appleby,rapplebyao@cmu.edu
2001MM09,Ashlin Scamaden,ascamadenap@bluehost.com
2001MM10,Kylynn Scullard,kscullardaq@microsoft.com
2001MM11,Reyna Drable,rdrablear@go.com
2001MM12,Shandee Benettelli,sbenettellias@google.com
2001MM13,Webb Cleere,wcleereat@samsung.com
